{
  "scopes": [
    {
      "name": "$XSAPPNAME.support",
      "description": "support"
    },
    {
      "name": "$XSAPPNAME.admin",
      "description": "admin"
    }
  ],
  "attributes": [],
  "role-templates": [
    {
      "name": "support",
      "description": "generated",
      "scope-references": [
        "$XSAPPNAME.support"
      ],
      "attribute-references": []
    },
    {
      "name": "admin",
      "description": "generated",
      "scope-references": [
        "$XSAPPNAME.admin"
      ],
      "attribute-references": []
    }
  ]
}
